date,total.confirmed,district,state,total.deceased,total.recovered,delta.confirmed,delta.deceased,delta.recovered,delta.tested,total.tested,delta.other,total.other,levitt.Metric,MA.21.daily.tests,delta.positivity,MA.21.delta.positivity,delta.percent.case.growth,delta.hospitalized,total.hospitalized,delta.active,spline.active,spline.deceased,spline.hospitalized,spline.recovered,delta.tested.non.impu,delta.confirmed.non.impu,delta.deceased.non.impu,delta.recovered.non.impu,delta.other.non.impu,total.tested.non.impu,total.confirmed.non.impu,total.recovered.non.impu,total.deceased.non.impu,total.other.non.impu,delta.active.non.impu,MA.21.daily.active.non.impu,MA.21.daily.deceased.non.impu,MA.21.daily.recovered.non.impu
2020-04-20,46.0,Mumbai,MH,2.0,9.0,46.0,2.0,9.0,5586.0,5586.0,0.0,0.0,,,0.8234872896527032,,,6.830615360837075,6.830615360837075,35.0,35.0,2.0,6.830615360837075,9.0,0.0,0.0,0.0,0.0,0.0,0.0,0.0,0.0,0.0,0.0,0.0,,,
2020-04-21,92.0,Mumbai,MH,4.0,18.0,46.0,2.0,9.0,5586.0,11172.0,0.0,0.0,0.6931471805599453,,0.8234872896527032,,0.0,6.830615360837075,13.66123072167415,70.0,70.0,2.0,6.830615360837075,9.0,0.0,0.0,0.0,0.0,0.0,0.0,0.0,0.0,0.0,0.0,0.0,,,
2020-04-22,138.0,Mumbai,MH,6.0,27.0,46.0,2.0,9.0,5586.0,16758.0,0.0,0.0,0.4054651081081644,,0.8234872896527032,,0.0,6.830615360837075,20.491846082511223,105.0,105.0,2.0,6.830615360837075,9.0,0.0,0.0,0.0,0.0,0.0,0.0,0.0,0.0,0.0,0.0,0.0,,,
2020-04-23,184.0,Mumbai,MH,8.0,36.0,46.0,2.0,9.0,5586.0,22344.0,0.0,0.0,0.28768207245178085,,0.8234872896527032,,0.0,6.830615360837075,27.3224614433483,140.0,140.0,2.0,6.830615360837075,9.0,0.0,0.0,0.0,0.0,0.0,0.0,0.0,0.0,0.0,0.0,0.0,,,
2020-04-24,230.0,Mumbai,MH,10.0,45.0,46.0,2.0,9.0,5586.0,27930.0,0.0,0.0,0.22314355131420976,,0.8234872896527032,,0.0,6.830615360837075,34.153076804185375,175.0,175.0,2.0,6.830615360837075,9.0,0.0,0.0,0.0,0.0,0.0,0.0,0.0,0.0,0.0,0.0,0.0,,,
2020-04-25,276.0,Mumbai,MH,12.0,54.0,46.0,2.0,9.0,5586.0,33516.0,0.0,0.0,0.1823215567939546,,0.8234872896527032,,0.0,6.830615360837075,40.98369216502245,210.0,210.0,2.0,6.830615360837075,9.0,0.0,0.0,0.0,0.0,0.0,0.0,0.0,0.0,0.0,0.0,0.0,,,
2020-04-26,322.0,Mumbai,MH,14.0,63.0,46.0,2.0,9.0,5586.0,39102.0,0.0,0.0,0.15415067982725836,,0.8234872896527032,,0.0,6.830615360837075,47.81430752585952,245.0,245.0,2.0,6.830615360837075,9.0,0.0,0.0,0.0,0.0,0.0,0.0,0.0,0.0,0.0,0.0,0.0,,,
2020-04-27,368.0,Mumbai,MH,16.0,72.0,46.0,2.0,9.0,5586.0,44688.0,0.0,0.0,0.13353139262452257,,0.8234872896527032,,0.0,6.830615360837075,54.64492288669659,280.0,280.0,2.0,6.830615360837075,9.0,0.0,369.0,15.0,70.0,0.0,0.0,369.0,70.0,15.0,0.0,284.0,,,
2020-04-28,761.0,Mumbai,MH,41.0,159.0,393.0,25.0,87.0,5586.0,50274.0,0.0,0.0,0.9409833444645266,,7.035445757250268,,7.5434782608695645,58.357213843673264,113.00213673036986,561.0,561.0,25.0,58.357213843673264,87.0,0.0,393.0,25.0,87.0,0.0,0.0,762.0,157.0,40.0,0.0,565.0,,,
2020-04-29,1236.0,Mumbai,MH,67.0,297.0,475.0,26.0,138.0,5586.0,55860.0,0.0,0.0,0.4911205526866582,,8.503401360544217,,0.20865139949109412,70.53352818255675,183.53566491292662,872.0,872.0,26.0,70.53352818255675,138.0,0.0,475.0,26.0,138.0,0.0,0.0,1237.0,295.0,66.0,0.0,876.0,,,
2020-04-30,1653.0,Mumbai,MH,87.0,453.0,417.0,20.0,156.0,5586.0,61446.0,0.0,0.0,0.26121549926361765,,7.465091299677766,,-0.12210526315789472,61.92101316237087,245.45667807529748,1113.0,1113.0,20.0,61.92101316237087,156.0,0.0,417.0,20.0,156.0,0.0,0.0,1654.0,451.0,86.0,0.0,1117.0,,,
2020-05-01,2404.0,Mumbai,MH,93.0,495.0,751.0,6.0,42.0,5586.0,67032.0,0.0,0.0,0.06669137449867214,,13.444325098460435,,0.8009592326139088,111.5172203475792,356.9738984228767,1816.0,1816.0,6.0,111.5172203475792,42.0,0.0,751.0,6.0,42.0,0.0,0.0,2405.0,493.0,92.0,0.0,1820.0,,,
2020-05-02,2951.0,Mumbai,MH,119.0,564.0,547.0,26.0,69.0,5586.0,72618.0,0.0,0.0,0.24652399995827343,,9.792337987826711,,-0.2716378162450066,81.22492613864956,438.19882456152624,2268.0,2268.0,26.0,81.22492613864956,69.0,0.0,547.0,26.0,69.0,0.0,0.0,2952.0,562.0,118.0,0.0,2272.0,,,
2020-05-03,3392.0,Mumbai,MH,140.0,591.0,441.0,21.0,27.0,5586.0,78204.0,0.0,0.0,0.16251892949777494,,7.894736842105263,,-0.19378427787934183,65.48481248106847,503.6836370425947,2661.0,2661.0,21.0,65.48481248106847,27.0,0.0,441.0,21.0,27.0,0.0,0.0,3393.0,589.0,139.0,0.0,2665.0,,,
2020-05-04,3902.0,Mumbai,MH,158.0,756.0,510.0,18.0,165.0,5586.0,83790.0,0.0,0.0,0.12095261041766249,,9.129967776584317,,0.15646258503401356,75.73073552232408,579.4143725649187,2988.0,2988.0,18.0,75.73073552232408,165.0,0.0,510.0,18.0,165.0,0.0,0.0,3903.0,754.0,157.0,0.0,2992.0,,,
2020-05-05,4537.0,Mumbai,MH,184.0,966.0,635.0,26.0,210.0,5586.0,89376.0,0.0,0.0,0.1523407245820188,,11.367704976727532,,0.2450980392156863,94.29219030720743,673.7065628721261,3387.0,3387.0,26.0,94.29219030720743,210.0,0.0,635.0,26.0,210.0,0.0,0.0,4538.0,964.0,183.0,0.0,3391.0,,,
2020-05-06,5306.0,Mumbai,MH,209.0,1055.0,769.0,25.0,89.0,5586.0,94962.0,0.0,0.0,0.12739849435582543,,13.766559255281061,,0.21102362204724412,114.19006983660239,787.8966327087285,4042.0,4042.0,25.0,114.19006983660239,89.0,0.0,769.0,25.0,89.0,0.0,0.0,5307.0,1053.0,208.0,0.0,4046.0,,,
2020-05-07,5986.0,Mumbai,MH,234.0,1154.0,680.0,25.0,99.0,5586.0,100548.0,0.0,0.0,0.11298686339289049,,12.17329036877909,,-0.11573472041612487,100.97431402976545,888.8709467384939,4598.0,4598.0,25.0,100.97431402976545,99.0,0.0,680.0,25.0,99.0,0.0,0.0,5987.0,1152.0,233.0,0.0,4602.0,,,
2020-05-08,6734.0,Mumbai,MH,259.0,1228.0,748.0,25.0,74.0,5586.0,106134.0,0.0,0.0,0.10150694634183638,,13.390619405657,,0.10000000000000009,111.07174543274199,999.9426921712359,5247.0,5247.0,25.0,111.07174543274199,74.0,0.0,748.0,25.0,74.0,0.0,0.0,6735.0,1226.0,258.0,0.0,5251.0,,,
2020-05-09,7456.0,Mumbai,MH,286.0,1442.0,722.0,27.0,214.0,5586.0,111720.0,0.0,0.0,0.09916374912031485,,12.925170068027212,,-0.03475935828877008,107.21096283748625,1107.1536550087221,5728.0,5728.0,27.0,107.21096283748625,214.0,0.0,722.0,27.0,0.0,0.0,0.0,7457.0,1226.0,285.0,0.0,5946.0,,,
2020-05-10,8331.0,Mumbai,MH,305.0,1656.0,875.0,19.0,214.0,5586.0,117306.0,0.0,0.0,0.06431996578755905,5586.0,15.664160401002505,7.10193851976881,0.2119113573407203,129.93018349418347,1237.0838385029056,6370.0,6370.0,19.0,129.93018349418347,214.0,0.0,875.0,19.0,429.0,0.0,0.0,8332.0,1655.0,304.0,0.0,6373.0,2009.5238095238096,14.476190476190476,78.80952380952381
2020-05-11,9113.0,Mumbai,MH,325.0,1726.0,782.0,20.0,70.0,5586.0,122892.0,0.0,0.0,0.06351340572232593,5586.0,13.999283924095954,7.729357407123251,-0.10628571428571432,116.12046113423027,1353.2042996371358,7062.0,7062.0,20.0,116.12046113423027,70.0,0.0,782.0,20.0,70.0,0.0,0.0,9114.0,1725.0,324.0,0.0,7065.0,2345.9523809523807,15.428571428571429,82.14285714285714
2020-05-12,9539.0,Mumbai,MH,353.0,1873.0,426.0,28.0,147.0,5586.0,128478.0,0.0,0.0,0.08264287460355937,5586.0,7.626208378088077,8.053296506572556,-0.4552429667519181,63.25743790688247,1416.4617375440182,7313.0,7313.0,28.0,63.25743790688247,147.0,0.0,426.0,28.0,147.0,0.0,0.0,9540.0,1872.0,352.0,0.0,7316.0,2694.3333333333335,16.761904761904763,89.14285714285714
2020-05-13,10339.0,Mumbai,MH,393.0,2099.0,800.0,40.0,226.0,5586.0,134064.0,0.0,0.0,0.10734155493596446,5586.0,14.321518080916576,8.696059877585121,0.8779342723004695,118.79331062325346,1535.2550481672718,7847.0,7847.0,40.0,118.79331062325346,226.0,0.0,800.0,40.0,226.0,0.0,0.0,10340.0,2098.0,392.0,0.0,7850.0,3068.1428571428573,18.666666666666668,99.9047619047619
2020-05-14,11330.0,Mumbai,MH,418.0,2304.0,991.0,25.0,205.0,5586.0,139650.0,0.0,0.0,0.06167182065549514,5586.0,17.74078052273541,9.501645269636679,0.23875000000000002,147.15521353455523,1682.410261701827,8608.0,8608.0,25.0,147.15521353455523,205.0,0.0,991.0,25.0,205.0,0.0,0.0,11331.0,2303.0,417.0,0.0,8611.0,3478.190476190476,19.857142857142858,109.66666666666667
2020-05-15,12263.0,Mumbai,MH,452.0,2485.0,933.0,34.0,181.0,5586.0,145236.0,0.0,0.0,0.07820074730747496,5586.0,16.702470461868955,10.257787325456501,-0.05852674066599395,138.54269851436936,1820.9529602161965,9326.0,9326.0,34.0,138.54269851436936,181.0,0.0,933.0,34.0,181.0,0.0,0.0,12264.0,2484.0,451.0,0.0,9329.0,3922.4285714285716,21.476190476190474,118.28571428571429
2020-05-16,13147.0,Mumbai,MH,493.0,2620.0,884.0,41.0,135.0,5586.0,150822.0,0.0,0.0,0.08682699421045889,5586.0,15.825277479412817,10.97215828687365,-0.052518756698821,131.26660823869508,1952.2195684548915,10034.0,10034.0,41.0,131.26660823869508,135.0,0.0,884.0,41.0,135.0,0.0,0.0,13148.0,2619.0,492.0,0.0,10037.0,4400.380952380952,23.428571428571427,124.71428571428571
2020-05-17,14742.0,Mumbai,MH,531.0,2858.0,1595.0,38.0,238.0,5586.0,156408.0,0.0,0.0,0.0742528471992487,5586.0,28.553526673827424,12.292636352786733,0.8042986425339367,236.8441630551116,2189.063731510003,11353.0,11353.0,38.0,236.8441630551116,238.0,0.0,1595.0,38.0,238.0,0.0,0.0,14743.0,2857.0,530.0,0.0,11356.0,4941.142857142857,25.238095238095237,136.04761904761904
2020-05-18,15927.0,Mumbai,MH,554.0,3090.0,1185.0,23.0,232.0,5586.0,161994.0,0.0,0.0,0.04240266550534498,5586.0,21.21374865735768,13.263601179820304,-0.25705329153605017,154.04622229124735,2343.1099538012504,12283.0,12283.0,23.0,154.04622229124735,232.0,162000.0,1185.0,23.0,232.0,0.0,162000.0,15928.0,3089.0,553.0,0.0,12286.0,5512.666666666667,25.61904761904762,143.76190476190476
2020-05-19,17338.0,Mumbai,MH,597.0,3712.0,1411.0,43.0,622.0,668.0,162662.0,0.0,0.0,0.07475242664531827,5351.809523809524,211.22754491017966,22.98703447281694,0.19071729957805905,209.5217016117633,2552.6316554130135,13029.0,13029.0,43.0,209.5217016117633,622.0,0.0,1411.0,43.0,622.0,0.0,162000.0,17339.0,3711.0,596.0,0.0,13032.0,6106.333333333333,26.476190476190474,169.23809523809524
2020-05-20,18710.0,Mumbai,MH,638.0,4062.0,1372.0,41.0,350.0,668.0,163330.0,0.0,0.0,0.06642116995218783,5117.619047619048,205.3892215568862,32.3625497202618,-0.027639971651311157,203.7305277188797,2756.3621831318933,14010.0,14010.0,41.0,203.7305277188797,350.0,0.0,1372.0,41.0,350.0,0.0,162000.0,18711.0,4061.0,637.0,0.0,14013.0,6731.9047619047615,27.19047619047619,179.33333333333334
2020-05-21,20092.0,Mumbai,MH,679.0,5129.0,1382.0,41.0,1067.0,668.0,163998.0,0.0,0.0,0.0622828442139063,4883.428571428572,206.88622754491018,41.85879430336811,0.007288629737609353,205.21544410167036,2961.577627233564,14284.0,14284.0,41.0,205.21544410167036,1067.0,0.0,1382.0,41.0,1067.0,0.0,162000.0,20093.0,5128.0,678.0,0.0,14287.0,7359.047619047619,28.19047619047619,222.71428571428572
2020-05-22,21843.0,Mumbai,MH,706.0,5456.0,1751.0,27.0,327.0,668.0,164666.0,0.0,0.0,0.03899410993454603,4649.238095238095,262.12574850299404,53.70076684644114,0.26700434153400865,274.0232324220703,3235.600859655634,15681.0,15681.0,27.0,274.0232324220703,327.0,2671.0,1751.0,27.0,327.0,0.0,164671.0,21844.0,5455.0,705.0,0.0,15684.0,8019.238095238095,29.19047619047619,236.28571428571428
2020-05-23,23409.0,Mumbai,MH,746.0,5741.0,1566.0,40.0,285.0,3390.0,168056.0,0.0,0.0,0.05511036271051867,4544.666666666667,46.19469026548673,55.434212192996384,-0.10565391205025698,232.53790554501867,3468.1387652006524,16922.0,16922.0,40.0,232.53790554501867,285.0,0.0,1566.0,40.0,285.0,0.0,164671.0,23410.0,5740.0,745.0,0.0,16925.0,8717.0,29.857142857142858,246.57142857142858
2020-05-24,25134.0,Mumbai,MH,785.0,6443.0,1725.0,39.0,702.0,3390.0,171446.0,0.0,0.0,0.05095811757864751,4440.0952380952385,50.88495575221239,57.48136547443006,0.1015325670498084,256.1480760313903,3724.2868412320427,17906.0,17906.0,39.0,256.1480760313903,702.0,0.0,1725.0,39.0,702.0,0.0,164671.0,25135.0,6442.0,784.0,0.0,17909.0,9442.904761904761,30.714285714285715,278.7142857142857
2020-05-25,26564.0,Mumbai,MH,823.0,6944.0,1430.0,38.0,501.0,3390.0,174836.0,0.0,0.0,0.04727248289466137,4335.523809523809,42.18289085545723,59.05531419247162,-0.17101449275362324,176.14810864511617,3900.434949877159,18797.0,18797.0,38.0,176.14810864511617,501.0,10170.0,1430.0,38.0,501.0,0.0,174841.0,26565.0,6943.0,822.0,0.0,18800.0,10195.666666666666,31.666666666666668,294.7142857142857
2020-05-26,27566.0,Mumbai,MH,862.0,7373.0,1002.0,39.0,429.0,5430.0,180266.0,0.0,0.0,0.04629906998662337,4328.0952380952385,18.45303867403315,59.39271103520046,-0.29930069930069925,148.78862155562496,4049.223571432784,19331.0,19331.0,39.0,148.78862155562496,429.0,0.0,1002.0,39.0,429.0,0.0,174841.0,27567.0,7372.0,861.0,0.0,19334.0,10954.857142857143,32.285714285714285,305.14285714285717
2020-05-27,28610.0,Mumbai,MH,894.0,7768.0,1044.0,32.0,395.0,5430.0,185696.0,0.0,0.0,0.03645050450982104,4320.666666666667,19.226519337016573,59.65270913433072,0.041916167664670656,132.3867597112522,4181.6103311440365,19948.0,19948.0,32.0,132.3867597112522,395.0,10860.0,1044.0,32.0,395.0,0.0,185701.0,28611.0,7767.0,893.0,0.0,19951.0,11712.238095238095,32.61904761904762,319.7142857142857
2020-05-28,30077.0,Mumbai,MH,932.0,8010.0,1467.0,38.0,242.0,4266.0,189962.0,0.0,0.0,0.04162703951207702,4257.809523809524,34.38818565400844,60.71056129077021,0.4051724137931034,218.10406833395587,4399.714399477993,21135.0,21135.0,38.0,218.10406833395587,242.0,4266.0,1467.0,38.0,242.0,0.0,189967.0,30078.0,8009.0,931.0,0.0,21138.0,12499.666666666666,33.23809523809524,326.5238095238095
2020-05-29,31524.0,Mumbai,MH,970.0,15368.0,1447.0,38.0,7358.0,2885.0,192847.0,0.0,0.0,0.039963256811837364,4129.190476190476,50.15597920277296,62.46129270968049,-0.013633265167007469,214.8674005898097,4614.581800067803,15186.0,15186.0,38.0,214.8674005898097,7358.0,0.0,1447.0,38.0,7358.0,0.0,189967.0,31525.0,15367.0,969.0,0.0,15189.0,12972.904761904761,33.857142857142854,673.3809523809524
2020-05-30,33034.0,Mumbai,MH,1024.0,15724.0,1510.0,54.0,356.0,2885.0,195732.0,0.0,0.0,0.054175734102024614,4000.5714285714284,52.33968804159446,64.33817451794559,0.04353835521769178,224.22237380139092,4838.804173869194,16286.0,16286.0,54.0,224.22237380139092,356.0,0.0,1510.0,54.0,356.0,0.0,189967.0,33035.0,15723.0,1023.0,0.0,16289.0,13465.42857142857,35.142857142857146,690.3333333333334
2020-05-31,34278.0,Mumbai,MH,1076.0,16151.0,1244.0,52.0,427.0,2885.0,198617.0,0.0,0.0,0.04953393512227663,3871.9523809523807,43.11958405545927,65.64557564434828,-0.17615894039735103,184.72359801915914,5023.527771888353,17051.0,17051.0,52.0,184.72359801915914,427.0,0.0,1244.0,52.0,427.0,0.0,189967.0,34279.0,16150.0,1075.0,0.0,17054.0,13974.047619047618,36.714285714285715,690.2380952380952
2020-06-01,35691.0,Mumbai,MH,1116.0,16345.0,1413.0,40.0,194.0,2885.0,201502.0,0.0,0.0,0.036500402219526426,3743.3333333333335,48.97746967071057,67.31120353704422,0.13585209003215426,193.57533855611163,5217.103110444465,18230.0,18230.0,40.0,193.57533855611163,194.0,11540.0,1413.0,40.0,194.0,0.0,201507.0,35692.0,16344.0,1115.0,0.0,18233.0,14505.857142857143,37.666666666666664,696.1428571428571
2020-06-02,36808.0,Mumbai,MH,1165.0,16573.0,1117.0,49.0,228.0,5287.0,206789.0,0.0,0.0,0.042970223058544796,3729.095238095238,21.127293361074333,67.95411234575786,-0.2094833687190375,165.86515995771765,5382.9682704021825,19070.0,19070.0,49.0,165.86515995771765,228.0,0.0,1117.0,49.0,228.0,0.0,201507.0,36809.0,16572.0,1164.0,0.0,19073.0,15065.714285714286,38.666666666666664,700.0
2020-06-03,38084.0,Mumbai,MH,1214.0,16832.0,1276.0,49.0,259.0,5287.0,212076.0,0.0,0.0,0.04119960561964255,3714.8571428571427,24.134669945148477,68.42140529167366,0.14234556848701874,183.02259523002405,5565.990865632207,20038.0,20038.0,49.0,183.02259523002405,259.0,10574.0,1276.0,49.0,259.0,0.0,212081.0,38085.0,16831.0,1213.0,0.0,20041.0,15646.238095238095,39.095238095238095,701.5714285714286
2020-06-04,39523.0,Mumbai,MH,1262.0,17456.0,1439.0,48.0,624.0,3748.0,215824.0,0.0,0.0,0.038777071481714886,3627.3333333333335,38.39381003201708,69.40488288735375,0.12774294670846387,189.59064470922377,5755.581510341431,20805.0,20805.0,48.0,189.59064470922377,624.0,3748.0,1439.0,48.0,624.0,0.0,215829.0,39524.0,17455.0,1261.0,0.0,20808.0,16227.047619047618,40.19047619047619,721.5238095238095
2020-06-05,40672.0,Mumbai,MH,1316.0,18138.0,1149.0,54.0,682.0,3548.0,219372.0,0.0,0.0,0.04189906878410394,3530.285714285714,32.384441939120634,70.15164343388955,-0.2015288394718554,170.6168923826478,5926.198402724079,21218.0,21218.0,54.0,170.6168923826478,682.0,0.0,1149.0,54.0,682.0,0.0,215829.0,40673.0,18137.0,1315.0,0.0,21221.0,16793.333333333332,41.142857142857146,745.3809523809524
2020-06-06,41946.0,Mumbai,MH,1374.0,19337.0,1274.0,58.0,1199.0,3548.0,222920.0,0.0,0.0,0.04312936089703224,3433.2380952380954,35.90755355129651,71.10794229445544,0.10879025239338547,189.17834716753114,6115.3767498916095,21235.0,21235.0,58.0,189.17834716753114,1199.0,0.0,1274.0,58.0,1199.0,0.0,215829.0,41947.0,19336.0,1373.0,0.0,21238.0,17326.714285714286,41.95238095238095,796.047619047619
2020-06-07,43366.0,Mumbai,MH,1435.0,20550.0,1420.0,61.0,1213.0,3548.0,226468.0,0.0,0.0,0.043438655411426844,3336.190476190476,40.022547914317926,71.65408616305024,0.11459968602825743,210.8581263562749,6326.234876247884,21381.0,21381.0,61.0,210.8581263562749,1213.0,0.0,1420.0,61.0,1213.0,0.0,215829.0,43367.0,20549.0,1434.0,0.0,21384.0,17804.238095238095,43.04761904761905,842.4761904761905
2020-06-08,44677.0,Mumbai,MH,1499.0,21392.0,1311.0,64.0,842.0,3548.0,230016.0,0.0,0.0,0.04363336990887617,3239.1428571428573,36.950394588500565,72.40345025500942,-0.0767605633802817,194.67253778385663,6520.907414031741,21786.0,21786.0,64.0,194.67253778385663,842.0,0.0,1311.0,64.0,842.0,0.0,215829.0,44678.0,21391.0,1498.0,0.0,21789.0,18256.761904761905,45.0,871.5238095238095
2020-06-09,45692.0,Mumbai,MH,1557.0,22303.0,1015.0,58.0,911.0,3548.0,233564.0,0.0,0.0,0.03796267373140053,3376.285714285714,28.607666290868096,63.707265558851724,-0.22578184591914574,153.8518615894066,6674.759275621147,21832.0,21832.0,58.0,153.8518615894066,911.0,17741.0,1015.0,58.0,911.0,0.0,233570.0,45693.0,22302.0,1556.0,0.0,21835.0,18675.95238095238,45.714285714285715,885.2857142857143
2020-06-10,47259.0,Mumbai,MH,1654.0,23054.0,1567.0,97.0,751.0,4681.0,238245.0,0.0,0.0,0.06043570374963827,3567.3809523809523,33.47575304422132,55.5209099153915,0.5438423645320196,232.68639718329774,6907.445672804445,22551.0,22551.0,97.0,232.68639718329774,751.0,0.0,1567.0,97.0,751.0,0.0,233570.0,47260.0,23053.0,1653.0,0.0,22554.0,19082.666666666668,48.38095238095238,904.3809523809524
2020-06-11,48677.0,Mumbai,MH,1751.0,23569.0,1418.0,97.0,515.0,4681.0,242926.0,0.0,0.0,0.0569904567022152,3758.4761904761904,30.292672505874812,47.111693008770764,-0.09508615188257818,226.16878223610803,7133.614455040553,23357.0,23357.0,97.0,226.16878223610803,515.0,9362.0,1418.0,97.0,515.0,0.0,242932.0,48678.0,23568.0,1750.0,0.0,23360.0,19514.714285714286,51.04761904761905,878.0952380952381
2020-06-12,50043.0,Mumbai,MH,1841.0,24512.0,1366.0,90.0,943.0,4570.0,247496.0,0.0,0.0,0.05012184894722596,3944.285714285714,29.89059080962801,36.05287597575333,-0.03667136812411853,202.8395778892053,7336.454032929759,23690.0,23690.0,90.0,202.8395778892053,943.0,0.0,1366.0,90.0,943.0,0.0,242932.0,50044.0,24511.0,1840.0,0.0,23693.0,19896.095238095237,54.04761904761905,907.4285714285714
2020-06-13,51423.0,Mumbai,MH,1910.0,25307.0,1380.0,69.0,795.0,4570.0,252066.0,0.0,0.0,0.036794339807597595,4000.4761904761904,30.196936542669583,35.29107817942871,0.01024890190336758,204.91846082511222,7541.372493754871,24206.0,24206.0,69.0,204.91846082511222,795.0,0.0,1380.0,69.0,795.0,8.0,242932.0,51424.0,25306.0,1909.0,8.0,24201.0,20242.571428571428,55.42857142857143,931.7142857142857
2020-06-14,52818.0,Mumbai,MH,1979.0,26346.0,1395.0,69.0,1039.0,4570.0,256636.0,0.0,0.0,0.035488424561890115,4056.6666666666665,30.525164113785557,34.32156429188457,0.010869565217391353,207.14583539929822,7748.51832915417,24493.0,24493.0,69.0,207.14583539929822,1039.0,0.0,1395.0,69.0,1039.0,0.0,242932.0,52819.0,26345.0,1978.0,8.0,24496.0,20556.238095238095,56.857142857142854,947.7619047619048
2020-06-15,53885.0,Mumbai,MH,2047.0,29485.0,1067.0,68.0,3139.0,4570.0,261206.0,0.0,0.0,0.033783640058723745,4112.857142857143,23.34792122538293,33.42466097616675,-0.23512544802867386,155.563967176131,7904.082296330301,22353.0,22353.0,68.0,155.563967176131,3139.0,18278.0,1067.0,68.0,3139.0,0.0,261210.0,53886.0,29484.0,2046.0,8.0,22356.0,20725.571428571428,58.285714285714285,1073.3809523809523
2020-06-16,54820.0,Mumbai,MH,2964.0,30401.0,935.0,917.0,916.0,3370.0,264576.0,0.0,0.0,0.37016440075468804,4014.7619047619046,27.74480712166172,33.867126140339536,-0.12371134020618557,112.47556897658757,8016.557865306889,21455.0,21455.0,917.0,112.47556897658757,916.0,3370.0,935.0,917.0,916.0,0.0,264580.0,54821.0,30400.0,2963.0,8.0,21458.0,20826.714285714286,100.0952380952381,1096.5714285714287
2020-06-17,56179.0,Mumbai,MH,3041.0,30698.0,1359.0,77.0,297.0,5028.0,269604.0,0.0,0.0,0.025646701261387243,3995.6190476190477,27.028639618138424,34.23865567753582,0.4534759358288769,172.16360826680702,8188.721473573696,22440.0,22440.0,77.0,172.16360826680702,297.0,5028.0,1359.0,77.0,297.0,0.0,269608.0,56180.0,30697.0,3040.0,8.0,22443.0,20945.380952380954,102.23809523809524,1091.904761904762
2020-06-18,57467.0,Mumbai,MH,3108.0,31216.0,1288.0,67.0,518.0,4591.0,274195.0,0.0,0.0,0.021793023810173357,4011.095238095238,28.054890002178173,33.9370701703058,-0.05224429727740987,191.25723010343808,8379.978703677134,23143.0,23143.0,67.0,191.25723010343808,518.0,0.0,1288.0,67.0,518.0,0.0,269608.0,57468.0,31215.0,3107.0,8.0,23146.0,21041.0,103.61904761904762,1105.047619047619
2020-06-19,58731.0,Mumbai,MH,3222.0,31624.0,1264.0,114.0,408.0,4591.0,278786.0,0.0,0.0,0.03602285224938166,4092.3333333333335,27.532128076671746,32.85974392620574,-0.018633540372670843,163.6857498361362,8543.664453513271,23885.0,23885.0,114.0,163.6857498361362,408.0,9182.0,1264.0,114.0,408.0,0.0,278790.0,58732.0,31623.0,3221.0,8.0,23888.0,21455.238095238095,107.23809523809524,774.0952380952381
2020-06-20,59921.0,Mumbai,MH,3358.0,32227.0,1190.0,136.0,603.0,8594.0,287380.0,0.0,0.0,0.0413432739005664,4364.190476190476,13.846869909239004,31.02675258656976,-0.05854430379746833,171.0141143489776,8714.67856786225,24336.0,24336.0,136.0,171.0141143489776,603.0,8594.0,1190.0,136.0,603.0,0.0,287384.0,59922.0,32226.0,3357.0,8.0,24339.0,21838.571428571428,111.14285714285714,785.8571428571429
2020-06-21,61080.0,Mumbai,MH,3468.0,32851.0,1159.0,110.0,624.0,4206.0,291586.0,0.0,0.0,0.032232500262946405,4427.0952380952385,27.55587256300523,30.28562346788147,-0.026050420168067245,149.1209250155057,8863.799492877755,24761.0,24761.0,110.0,149.1209250155057,624.0,4206.0,1159.0,110.0,624.0,0.0,291590.0,61081.0,32850.0,3467.0,8.0,24764.0,22205.714285714286,113.9047619047619,795.2380952380952
2020-06-22,62178.0,Mumbai,MH,3534.0,33481.0,1098.0,66.0,630.0,3271.0,294857.0,0.0,0.0,0.018852314979209195,4445.476190476191,33.5677162947111,29.551825688071972,-0.052631578947368474,137.14952450279972,9000.949017380555,25163.0,25163.0,66.0,137.14952450279972,630.0,3271.0,1098.0,66.0,630.0,0.0,294861.0,62179.0,33480.0,3533.0,8.0,25166.0,22535.85714285714,115.14285714285714,816.0
2020-06-23,63002.0,Mumbai,MH,3641.0,33936.0,824.0,107.0,455.0,4518.0,299375.0,0.0,0.0,0.029827995295791745,4408.857142857143,18.2381584772023,29.41424783645902,-0.24954462659380694,110.36476290801826,9111.313780288574,25425.0,25425.0,107.0,110.36476290801826,455.0,4518.0,824.0,107.0,455.0,0.0,299379.0,63003.0,33935.0,3640.0,8.0,25428.0,22838.47619047619,117.9047619047619,826.8095238095239
2020-06-24,64120.0,Mumbai,MH,3761.0,36368.0,1118.0,120.0,2432.0,5311.0,304686.0,0.0,0.0,0.032426510294902997,4410.0,21.050649595179816,29.26738972455575,0.3567961165048543,170.82949135959333,9282.143271648167,23991.0,23991.0,120.0,170.82949135959333,2432.0,5311.0,1118.0,120.0,2432.0,0.0,304690.0,64121.0,36367.0,3760.0,8.0,23994.0,23026.714285714286,121.28571428571429,930.2857142857143
2020-06-25,65470.0,Mumbai,MH,3859.0,38509.0,1350.0,98.0,2141.0,5094.0,309780.0,0.0,0.0,0.025723203067282444,4474.0952380952385,26.501766784452297,28.701101950862192,0.20751341681574242,200.46371167674022,9482.606983324908,23102.0,23102.0,98.0,200.46371167674022,2141.0,0.0,1350.0,98.0,2141.0,0.0,304690.0,65471.0,38508.0,3858.0,8.0,23105.0,23136.095238095237,123.66666666666667,1002.5238095238095
2020-06-26,66767.0,Mumbai,MH,3976.0,39104.0,1297.0,117.0,595.0,5094.0,314874.0,0.0,0.0,0.029868206238845913,4547.714285714285,25.46132705143306,28.37142981335326,-0.039259259259259216,192.5936548479497,9675.200638172857,23687.0,23687.0,117.0,192.5936548479497,595.0,0.0,1297.0,117.0,595.0,0.0,304690.0,66768.0,39103.0,3975.0,8.0,23690.0,23253.666666666668,126.66666666666667,998.3809523809524
2020-06-27,68844.0,Mumbai,MH,4081.0,41689.0,2077.0,105.0,2585.0,5094.0,319968.0,0.0,0.0,0.02606576762934094,4621.333333333333,40.773458971338826,28.60313959526004,0.6013878180416345,282.8225610188871,9958.023199191744,23074.0,23074.0,105.0,282.8225610188871,2585.0,15283.0,2077.0,105.0,2585.0,0.0,319973.0,68845.0,41688.0,4080.0,8.0,23077.0,23341.238095238095,128.9047619047619,1064.3809523809523
2020-06-28,70131.0,Mumbai,MH,4168.0,42514.0,1287.0,87.0,825.0,4693.0,324661.0,0.0,0.0,0.021094248027397202,4675.857142857143,27.42382271468144,28.003200300039257,-0.38035628310062586,204.19602493851124,10162.219224130256,23449.0,23449.0,87.0,204.19602493851124,825.0,4693.0,1287.0,87.0,825.0,0.0,324666.0,70132.0,42513.0,4167.0,8.0,23452.0,23439.714285714286,130.14285714285714,1045.904761904762
2020-06-29,71357.0,Mumbai,MH,4260.0,42905.0,1226.0,92.0,391.0,1978.0,326639.0,0.0,0.0,0.021832855830213316,4601.0952380952385,61.98179979777553,29.1951719766714,-0.04739704739704742,182.05074853013593,10344.269972660393,24192.0,24192.0,92.0,182.05074853013593,391.0,0.0,1226.0,92.0,391.0,0.0,324666.0,71358.0,42904.0,4259.0,8.0,24195.0,23554.285714285714,131.47619047619048,1024.4285714285713
2020-06-30,72250.0,Mumbai,MH,4353.0,43530.0,893.0,93.0,625.0,1978.0,328617.0,0.0,0.0,0.02159610228888151,4526.333333333333,45.146612740141556,29.98274085520823,-0.2716150081566069,111.50091146471009,10455.770884125104,24367.0,24367.0,93.0,111.50091146471009,625.0,3955.0,893.0,93.0,625.0,0.0,328621.0,72251.0,43529.0,4352.0,8.0,24370.0,23675.0,133.14285714285714,1010.8095238095239
2020-07-01,73737.0,Mumbai,MH,4428.0,44151.0,1487.0,75.0,621.0,11175.0,339792.0,0.0,0.0,0.017082752276229976,4835.571428571428,13.306487695749441,29.022299648138144,0.6651735722284435,230.9701514218897,10686.741035546995,25158.0,25158.0,75.0,230.9701514218897,621.0,11175.0,1487.0,75.0,621.0,0.0,339796.0,73738.0,44150.0,4427.0,8.0,25161.0,23799.14285714286,132.0952380952381,1004.6190476190476
2020-07-02,75291.0,Mumbai,MH,4486.0,50051.0,1554.0,58.0,5900.0,5058.0,344850.0,0.0,0.0,0.013013421251626182,4853.523809523809,30.723606168446025,29.04282029873677,0.04505716207128452,230.75600588566985,10917.497041432665,20754.0,20754.0,58.0,230.75600588566985,5900.0,0.0,1554.0,58.0,5900.0,0.0,339796.0,75292.0,50050.0,4485.0,8.0,20757.0,23675.190476190477,130.23809523809524,1261.047619047619
2020-07-03,76666.0,Mumbai,MH,4559.0,51752.0,1375.0,73.0,1701.0,5058.0,349908.0,0.0,0.0,0.016141865133287678,4876.761904761905,27.184657967576115,28.913966353877154,-0.11518661518661522,179.5490658388017,11097.046107271468,20355.0,20355.0,73.0,179.5490658388017,1701.0,10117.0,1375.0,73.0,1701.0,0.0,349913.0,76667.0,51751.0,4558.0,8.0,20358.0,23516.380952380954,129.42857142857142,1297.142857142857
2020-07-04,77829.0,Mumbai,MH,4627.0,52823.0,1163.0,68.0,1071.0,4736.0,354644.0,0.0,0.0,0.014805408693558097,4884.666666666667,24.55658783783784,28.645378320313732,-0.1541818181818182,151.2111926930783,11248.257299964545,20379.0,20379.0,68.0,151.2111926930783,1071.0,4736.0,1163.0,68.0,1071.0,0.0,354649.0,77830.0,52822.0,4626.0,8.0,20382.0,23334.52380952381,129.38095238095238,1310.2857142857142
2020-07-05,79116.0,Mumbai,MH,4696.0,55244.0,1287.0,69.0,2421.0,4510.0,359154.0,0.0,0.0,0.01480237260093268,4881.809523809524,28.536585365853657,28.550684094221737,0.10662080825451414,176.35209900732656,11424.609398971872,19176.0,19176.0,69.0,176.35209900732656,2421.0,4510.0,1287.0,69.0,2421.0,1.0,359159.0,79117.0,55243.0,4695.0,9.0,19178.0,23081.285714285714,129.38095238095238,1376.095238095238
2020-07-06,80316.0,Mumbai,MH,4735.0,56512.0,1200.0,39.0,1268.0,3961.0,363115.0,1.0,1.0,0.008270644112246208,4852.809523809524,30.29537995455693,28.88151546227764,-0.06759906759906764,152.1412294705271,11576.7506284424,19068.0,19068.0,39.0,152.1412294705271,1268.0,3961.0,1200.0,39.0,1268.0,1.0,363120.0,80317.0,56511.0,4734.0,10.0,19071.0,22924.85714285714,128.0,1287.0
2020-07-07,81101.0,Mumbai,MH,4799.0,57497.0,785.0,64.0,985.0,5483.0,368598.0,1.0,2.0,0.013425836238066995,4953.428571428572,14.316979755608244,28.24209511151319,-0.3458333333333333,100.43248899036966,11677.183117432769,18804.0,18804.0,64.0,100.43248899036966,985.0,5483.0,785.0,64.0,985.0,1.0,368603.0,81102.0,57496.0,4798.0,11.0,18807.0,22798.619047619046,87.38095238095238,1290.2857142857142
2020-07-08,82448.0,Mumbai,MH,4861.0,58598.0,1347.0,62.0,1101.0,5539.0,374137.0,92.0,94.0,0.012836615187210023,4977.761904761905,24.31846903773244,28.1130393695891,0.715923566878981,207.52676846131627,11884.709885894084,18897.0,18897.0,62.0,207.52676846131627,1101.0,5539.0,1347.0,62.0,1101.0,0.0,374142.0,82449.0,58597.0,4860.0,11.0,18992.0,22634.285714285714,86.66666666666667,1328.5714285714287
2020-07-09,83716.0,Mumbai,MH,4929.0,59555.0,1268.0,68.0,957.0,5412.0,379549.0,92.0,186.0,0.013891949659922374,5016.857142857143,23.429416112342942,27.892778708168375,-0.05864884929472902,164.68380925969979,12049.393695153783,19140.0,19140.0,68.0,164.68380925969979,957.0,5412.0,1268.0,68.0,957.0,0.0,379554.0,83717.0,59554.0,4928.0,11.0,19235.0,22448.04761904762,86.71428571428571,1349.4761904761904
2020-07-10,85053.0,Mumbai,MH,5002.0,61294.0,1337.0,73.0,1739.0,5899.0,385448.0,92.0,278.0,0.014701704732186693,5079.142857142857,22.664858450584845,27.661003964069,0.054416403785489065,167.6972993429589,12217.090994496742,18665.0,18665.0,73.0,167.6972993429589,1739.0,5899.0,1337.0,73.0,1739.0,276.0,385453.0,85054.0,61293.0,5001.0,287.0,18484.0,22190.714285714286,84.76190476190476,1412.857142857143
2020-07-11,86337.0,Mumbai,MH,5041.0,62791.0,1284.0,39.0,1497.0,5769.0,391217.0,1.0,279.0,0.0077666426450665885,4944.619047619048,22.256890275611024,28.061481124372428,-0.039640987284966345,190.8980106072493,12407.989005103991,18504.0,18504.0,39.0,190.8980106072493,1497.0,5769.0,1284.0,39.0,1497.0,1.0,391222.0,86338.0,62790.0,5040.0,288.0,18507.0,21913.0,80.14285714285714,1455.4285714285713
2020-07-12,87580.0,Mumbai,MH,5085.0,64232.0,1243.0,44.0,1441.0,5278.0,396495.0,0.0,279.0,0.008690554400029533,4995.666666666667,23.550587343690793,27.870753256786028,-0.031931464174454804,198.83521648141237,12606.824221585404,18263.0,18263.0,44.0,198.83521648141237,1441.0,5278.0,1243.0,44.0,1441.0,0.0,396500.0,87581.0,64231.0,5084.0,288.0,18266.0,21603.571428571428,77.0,1494.3333333333333
2020-07-13,88738.0,Mumbai,MH,5132.0,64982.0,1158.0,47.0,750.0,5241.0,401736.0,0.0,279.0,0.009200417252866725,5089.476190476191,22.09502003434459,27.324434387244764,-0.06838294448913917,143.8795400618241,12750.703761647228,18624.0,18624.0,47.0,143.8795400618241,750.0,5241.0,1158.0,47.0,750.0,0.0,401741.0,88739.0,64981.0,5131.0,288.0,18627.0,21292.190476190477,76.0952380952381,1500.047619047619
2020-07-14,89692.0,Mumbai,MH,5202.0,65993.0,954.0,70.0,1011.0,6579.0,408315.0,0.0,279.0,0.013547720273069783,5187.619047619048,14.500683994528044,27.14645941187932,-0.17616580310880825,117.92443841066422,12868.628200057892,18497.0,18497.0,70.0,117.92443841066422,1011.0,6579.0,954.0,70.0,1011.0,1.0,408320.0,89693.0,65992.0,5201.0,289.0,18499.0,20962.238095238095,74.33333333333333,1526.5238095238096
2020-07-15,91066.0,Mumbai,MH,5264.0,67190.0,1374.0,62.0,1197.0,7070.0,415385.0,0.0,279.0,0.011848026996556286,5271.380952380952,19.434229137199434,27.069487009118347,0.4402515723270439,198.77062601625278,13067.398826074144,18612.0,18612.0,62.0,198.77062601625278,1197.0,7070.0,1374.0,62.0,1197.0,0.0,415390.0,91067.0,67189.0,5263.0,289.0,18615.0,20706.095238095237,71.57142857142857,1467.7142857142858
2020-07-16,92542.0,Mumbai,MH,5320.0,67945.0,1476.0,56.0,755.0,5955.0,421340.0,0.0,279.0,0.010582109330537008,5312.380952380952,24.78589420654912,26.987778791122953,0.07423580786026207,210.9570797101797,13278.355905784325,19277.0,19277.0,56.0,210.9570797101797,755.0,5955.0,1476.0,56.0,0.0,1.0,421345.0,92543.0,67189.0,5319.0,290.0,20034.0,20559.85714285714,69.57142857142857,1365.7619047619048
2020-07-17,93756.0,Mumbai,MH,5382.0,68700.0,1214.0,62.0,755.0,6033.0,427373.0,1.0,280.0,0.011586748951161102,5357.0952380952385,20.122658710425988,26.733556489170237,-0.1775067750677507,174.41239230540887,13452.768298089733,19673.0,19673.0,62.0,174.41239230540887,755.0,6033.0,1214.0,62.0,1510.0,1.0,427378.0,93757.0,68699.0,5381.0,291.0,19676.0,20368.714285714286,66.95238095238095,1409.3333333333333
2020-07-18,94942.0,Mumbai,MH,5447.0,69852.0,1186.0,65.0,1152.0,5849.0,433222.0,0.0,280.0,0.0120049460968234,5393.047619047619,20.27697042229441,25.757533224930025,-0.023064250411861664,163.569715896617,13616.338013986351,19643.0,19643.0,65.0,163.569715896617,1152.0,5849.0,1186.0,65.0,1152.0,0.0,433227.0,94943.0,69851.0,5446.0,291.0,19646.0,20205.333333333332,65.04761904761905,1341.095238095238
2020-07-19,95980.0,Mumbai,MH,5511.0,71045.0,1038.0,64.0,1193.0,4989.0,438211.0,0.0,280.0,0.011681096499560964,5407.142857142857,20.80577269993987,25.442387986132807,-0.12478920741989885,134.56322633781025,13750.901240324161,19424.0,19424.0,64.0,134.56322633781025,1193.0,4989.0,1038.0,64.0,1193.0,1.0,438216.0,95981.0,71044.0,5510.0,292.0,19426.0,20013.619047619046,63.95238095238095,1358.6190476190477
2020-07-20,97015.0,Mumbai,MH,5552.0,72008.0,1035.0,41.0,963.0,4867.0,443078.0,0.0,280.0,0.007412128303405082,5544.714285714285,21.265666735155126,23.503524506960407,-0.0028901734104046506,141.58137113609163,13892.482611460253,19455.0,19455.0,41.0,141.58137113609163,963.0,4867.0,1035.0,41.0,963.0,0.0,443083.0,97016.0,72007.0,5551.0,292.0,19458.0,19788.04761904762,61.523809523809526,1385.857142857143
2020-07-21,97960.0,Mumbai,MH,5614.0,72915.0,945.0,62.0,907.0,7376.0,450454.0,0.0,280.0,0.011105254735187262,5801.761904761905,12.81182212581345,21.963772572944784,-0.08695652173913049,138.03025853789518,14030.512869998149,19431.0,19431.0,62.0,138.03025853789518,907.0,7376.0,945.0,62.0,907.0,0.0,450459.0,97961.0,72914.0,5613.0,292.0,19434.0,19553.0,60.04761904761905,1399.2857142857142
2020-07-22,99270.0,Mumbai,MH,5672.0,74478.0,1310.0,58.0,1563.0,6052.0,456506.0,0.0,280.0,0.010278311290135572,5557.809523809524,21.645736946463977,22.360879680121663,0.3862433862433863,206.48759778180556,14237.000467779955,19120.0,19120.0,58.0,206.48759778180556,1563.0,6052.0,1310.0,58.0,1563.0,0.0,456511.0,99271.0,74477.0,5671.0,292.0,19123.0,19265.47619047619,59.23809523809524,1444.142857142857
2020-07-23,100515.0,Mumbai,MH,5727.0,76462.0,1245.0,55.0,1984.0,6210.0,462716.0,0.0,280.0,0.009650044181893781,5612.666666666667,20.048309178743963,21.852532204421568,-0.04961832061068705,156.0259053084137,14393.026373088369,18326.0,18326.0,55.0,156.0259053084137,1984.0,6210.0,1245.0,55.0,1984.0,0.0,462721.0,100516.0,76461.0,5726.0,292.0,18329.0,19149.85714285714,59.095238095238095,1257.6666666666667
2020-07-24,101572.0,Mumbai,MH,5781.0,77619.0,1057.0,54.0,1157.0,7609.0,470325.0,0.0,280.0,0.009384844688618702,5734.142857142857,13.891444342226311,21.21952203178586,-0.15100401606425706,133.66441515456754,14526.690788242937,18172.0,18172.0,54.0,133.66441515456754,1157.0,7609.0,1057.0,54.0,1157.0,2.0,470330.0,101573.0,77618.0,5780.0,294.0,18173.0,19045.809523809523,58.19047619047619,1231.7619047619048
2020-07-25,102652.0,Mumbai,MH,5833.0,78236.0,1080.0,52.0,617.0,8495.0,478820.0,0.0,280.0,0.008954769671161603,5913.142857142857,12.713360800470866,20.65555883953029,0.021759697256386046,159.98819547157467,14686.678983714512,18583.0,18583.0,52.0,159.98819547157467,617.0,8495.0,1080.0,52.0,617.0,0.0,478825.0,102653.0,78235.0,5832.0,294.0,18586.0,18960.285714285714,57.42857142857143,1210.142857142857
2020-07-26,103753.0,Mumbai,MH,5890.0,79598.0,1101.0,57.0,1362.0,6738.0,485558.0,0.0,280.0,0.00972454989199478,6019.238095238095,16.340160284951025,20.074776692820638,0.019444444444444375,166.98566068804539,14853.664644402557,18265.0,18265.0,57.0,166.98566068804539,1362.0,6738.0,1101.0,57.0,1362.0,0.0,485563.0,103754.0,79597.0,5889.0,294.0,18268.0,18916.95238095238,56.857142857142854,1159.7142857142858
2020-07-27,104774.0,Mumbai,MH,5929.0,81304.0,1021.0,39.0,1706.0,8776.0,494334.0,0.0,280.0,0.006599567061735293,6248.523809523809,11.634001823154057,19.186139638944308,-0.07266121707538598,155.68028654440013,15009.344930946958,17541.0,17541.0,39.0,155.68028654440013,1706.0,8776.0,1021.0,39.0,1706.0,0.0,494339.0,104775.0,81303.0,5928.0,294.0,17544.0,18844.238095238095,56.857142857142854,1180.5714285714287
2020-07-28,105474.0,Mumbai,MH,5984.0,83771.0,700.0,55.0,2467.0,11643.0,505977.0,0.0,280.0,0.009233675946945524,6541.857142857143,6.012196169372155,18.790673753885446,-0.3143976493633692,93.4095214955113,15102.754452442468,15719.0,15719.0,55.0,93.4095214955113,2467.0,11643.0,700.0,55.0,2467.0,0.0,505982.0,105475.0,83770.0,5983.0,294.0,15722.0,18697.333333333332,56.42857142857143,1251.142857142857
2020-07-29,106583.0,Mumbai,MH,6044.0,84687.0,1109.0,60.0,916.0,10732.0,516709.0,0.0,280.0,0.009976803738317,6789.142857142857,10.333581811405143,18.12472674310796,0.5842857142857143,162.20758863501203,15264.96204107748,15852.0,15852.0,60.0,162.20758863501203,916.0,10732.0,1109.0,60.0,916.0,0.0,516714.0,106584.0,84686.0,6043.0,294.0,15855.0,18547.95238095238,56.333333333333336,1242.3333333333333
2020-07-30,107791.0,Mumbai,MH,6097.0,85807.0,1208.0,53.0,1120.0,10268.0,526977.0,0.0,280.0,0.008730802515185928,7020.380952380952,11.76470588235294,17.56926435120367,0.08926961226330032,176.58861162526892,15441.55065270275,15887.0,15887.0,53.0,176.58861162526892,1120.0,10268.0,1208.0,53.0,1120.0,0.0,526982.0,107792.0,85806.0,6096.0,294.0,15890.0,18388.666666666668,55.61904761904762,1250.095238095238
2020-07-31,108876.0,Mumbai,MH,6150.0,86434.0,1085.0,53.0,627.0,10554.0,537531.0,0.0,280.0,0.008655234892747459,7242.047619047619,10.280462383930264,16.979531205172503,-0.10182119205298013,131.43135321045406,15572.982005913203,16292.0,16292.0,53.0,131.43135321045406,627.0,10554.0,1085.0,53.0,627.0,0.0,537536.0,108877.0,86433.0,6149.0,294.0,16295.0,18284.428571428572,54.666666666666664,1197.142857142857
2020-08-01,109923.0,Mumbai,MH,6195.0,87266.0,1047.0,45.0,832.0,9084.0,546615.0,0.0,280.0,0.007290433262679274,7399.9047619047615,11.525759577278732,16.468524981442393,-0.035023041474654404,165.63892289324528,15738.62092880645,16462.0,16462.0,45.0,165.63892289324528,832.0,9084.0,1047.0,45.0,832.0,2.0,546620.0,109924.0,87265.0,6194.0,296.0,16463.0,18187.095238095237,54.95238095238095,1165.4761904761904
2020-08-02,111028.0,Mumbai,MH,6244.0,87659.0,1105.0,49.0,393.0,5374.0,551989.0,0.0,280.0,0.00787848757207981,7404.476190476191,20.5619650167473,16.326209632540323,0.05539637058261704,173.16137592342415,15911.782304729873,17125.0,17125.0,49.0,173.16137592342415,393.0,5374.0,1105.0,49.0,393.0,0.0,551994.0,111029.0,87658.0,6243.0,296.0,17128.0,18132.904761904763,55.19047619047619,1115.5714285714287
2020-08-03,111998.0,Mumbai,MH,6290.0,89449.0,970.0,46.0,1790.0,7793.0,559782.0,0.0,280.0,0.007340068059163468,7526.0,12.447067881432055,15.866783339544488,-0.12217194570135748,131.14002598140797,16042.92233071128,16259.0,16259.0,46.0,131.14002598140797,1790.0,7793.0,970.0,46.0,1790.0,0.0,559787.0,111999.0,89448.0,6289.0,296.0,16262.0,18020.285714285714,55.142857142857146,1165.095238095238
2020-08-04,112707.0,Mumbai,MH,6346.0,90320.0,709.0,56.0,871.0,7244.0,567026.0,0.0,280.0,0.008863622448654643,7557.666666666667,9.787410270568747,15.642341733641663,-0.26907216494845365,110.7803448721068,16153.702675583387,16041.0,16041.0,56.0,110.7803448721068,871.0,7244.0,709.0,56.0,871.0,1.0,567031.0,112708.0,90319.0,6345.0,297.0,16043.0,17903.333333333332,54.476190476190474,1158.4285714285713
2020-08-05,113832.0,Mumbai,MH,6388.0,91033.0,1125.0,42.0,713.0,8888.0,575914.0,0.0,280.0,0.006596537191762187,7644.238095238095,12.657515751575158,15.319641096230983,0.5867418899858956,152.91775169982895,16306.620427283216,16411.0,16411.0,42.0,152.91775169982895,713.0,8888.0,1125.0,42.0,713.0,0.0,575919.0,113833.0,91032.0,6387.0,297.0,16414.0,17798.52380952381,53.523809523809526,1135.3809523809523
2020-08-06,114742.0,Mumbai,MH,6445.0,92019.0,910.0,57.0,986.0,7241.0,583155.0,0.0,280.0,0.008883406038384603,7705.476190476191,12.567324955116696,14.737804465210392,-0.19111111111111112,124.37687573508298,16430.9973030183,16278.0,16278.0,57.0,124.37687573508298,986.0,7241.0,910.0,57.0,986.0,0.0,583160.0,114743.0,92018.0,6444.0,297.0,16281.0,17619.809523809523,53.57142857142857,1182.3333333333333
2020-08-07,115604.0,Mumbai,MH,6490.0,93258.0,862.0,45.0,1239.0,9070.0,592225.0,0.0,280.0,0.006957894324847819,7850.0952380952385,9.503858875413451,14.232147330209795,-0.05274725274725278,124.74718966010818,16555.74449267841,15856.0,15856.0,45.0,124.74718966010818,1239.0,9070.0,862.0,45.0,1239.0,0.0,592230.0,115605.0,93257.0,6489.0,297.0,15859.0,17438.04761904762,52.76190476190476,1169.4285714285713
2020-08-08,116908.0,Mumbai,MH,6548.0,94714.0,1304.0,58.0,1456.0,7561.0,599786.0,0.0,280.0,0.008897128792889744,7931.619047619048,17.246395979367808,14.087834261499005,0.5127610208816706,160.88829713248825,16716.632789810898,15646.0,15646.0,58.0,160.88829713248825,1456.0,7561.0,1304.0,58.0,1456.0,0.0,599791.0,116909.0,94713.0,6547.0,297.0,15649.0,17247.714285714286,52.42857142857143,1183.904761904762
2020-08-09,117974.0,Mumbai,MH,6596.0,95946.0,1066.0,48.0,1232.0,5628.0,605414.0,0.0,280.0,0.007303745188464087,7962.047619047619,18.941009239516703,13.999036001478853,-0.18251533742331283,162.470570099673,16879.103359910572,15432.0,15432.0,48.0,162.470570099673,1232.0,5628.0,1066.0,48.0,1232.0,0.0,605419.0,117975.0,95945.0,6595.0,297.0,15435.0,17057.666666666668,51.666666666666664,1185.7619047619048
2020-08-10,118899.0,Mumbai,MH,6642.0,97353.0,925.0,46.0,1407.0,8772.0,614186.0,0.0,280.0,0.006949718257202333,8148.0,10.544915640674875,13.48852404459884,-0.13227016885553466,137.3547654081368,17016.45812531871,14904.0,14904.0,46.0,137.3547654081368,1407.0,0.0,925.0,46.0,1407.0,0.0,605419.0,118900.0,97352.0,6641.0,297.0,14907.0,16840.95238095238,51.904761904761905,1206.904761904762
2020-08-11,119816.0,Mumbai,MH,6690.0,98507.0,917.0,48.0,1154.0,8772.0,622958.0,0.0,280.0,0.007200751185582147,8214.47619047619,10.453716370269039,13.376233294334822,-0.008648648648648671,134.50085598498782,17150.9589813037,14619.0,14619.0,48.0,134.50085598498782,1154.0,17544.0,917.0,48.0,1154.0,0.0,622963.0,119817.0,98506.0,6689.0,297.0,14622.0,16611.809523809523,51.23809523809524,1218.6666666666667
2020-08-12,120948.0,Mumbai,MH,6740.0,99429.0,1132.0,50.0,922.0,14913.0,637871.0,0.0,280.0,0.007446050784078532,8636.42857142857,7.590692684235231,12.706945472323932,0.23446019629225745,161.61570813137993,17312.574689435078,14779.0,14779.0,50.0,161.61570813137993,922.0,14913.0,1132.0,50.0,922.0,0.0,637876.0,120949.0,99428.0,6739.0,297.0,14782.0,16405.095238095237,50.857142857142854,1188.142857142857
2020-08-13,122148.0,Mumbai,MH,6788.0,100314.0,1200.0,48.0,885.0,3638.0,641509.0,0.0,280.0,0.007096422447764284,8513.952380952382,32.985156679494224,13.322985829502514,0.060070671378091856,178.1899659348802,17490.76465536996,15046.0,15046.0,48.0,178.1899659348802,885.0,0.0,1200.0,48.0,885.0,0.0,637876.0,122149.0,100313.0,6787.0,297.0,15049.0,16248.904761904761,50.523809523809526,1135.8095238095239
2020-08-14,123127.0,Mumbai,MH,6835.0,101220.0,979.0,47.0,906.0,3638.0,645147.0,0.0,280.0,0.006900122803932914,8324.857142857143,26.91039032435404,13.942935638175264,-0.1841666666666667,148.2274376513746,17638.992093021334,15072.0,15072.0,47.0,148.2274376513746,906.0,7275.0,979.0,47.0,906.0,3.0,645151.0,123128.0,101219.0,6834.0,300.0,15072.0,16101.238095238095,50.19047619047619,1123.857142857143
2020-08-15,123632.0,Mumbai,MH,6883.0,102109.0,505.0,48.0,889.0,6442.0,651589.0,0.0,280.0,0.006998133240314253,8227.095238095239,7.839180378764358,13.710831808570193,-0.48416751787538304,75.61091412313655,17714.60300714447,14640.0,14640.0,48.0,75.61091412313655,889.0,6442.0,-819.0,48.0,889.0,0.0,651593.0,122309.0,102108.0,6882.0,300.0,13319.0,15850.42857142857,50.0,1136.8095238095239
2020-08-16,124137.0,Mumbai,MH,6930.0,102828.0,505.0,47.0,719.0,5097.0,656686.0,0.0,280.0,0.0068052097855846325,8148.952380952381,9.907788895428684,13.404528409069128,0.0,79.18792356319999,17793.79093070767,14379.0,14379.0,47.0,79.18792356319999,719.0,5097.0,1010.0,47.0,719.0,0.0,656690.0,123319.0,102827.0,6929.0,300.0,13563.0,15626.380952380952,49.523809523809526,1106.1904761904761
2020-08-17,124890.0,Mumbai,MH,6970.0,103661.0,753.0,40.0,833.0,6710.0,663396.0,0.0,280.0,0.005755411570620752,8050.571428571428,11.222056631892698,13.384911971390016,0.4910891089108911,112.98288386544607,17906.773814573116,14259.0,14259.0,40.0,112.98288386544607,833.0,6710.0,753.0,40.0,833.0,1.0,663400.0,124072.0,103660.0,6969.0,301.0,13442.0,15431.047619047618,49.57142857142857,1064.6190476190477
2020-08-18,125821.0,Mumbai,MH,7019.0,104553.0,931.0,49.0,892.0,8492.0,671888.0,1.0,281.0,0.007005532975851958,7900.523809523809,10.963259538389073,13.620676893724156,0.23638778220451528,138.24571523781123,18045.01952981093,14248.0,14248.0,49.0,138.24571523781123,892.0,0.0,931.0,49.0,892.0,1.0,663400.0,125003.0,104552.0,7018.0,302.0,13432.0,15322.0,49.285714285714285,989.6190476190476
2020-08-19,126953.0,Mumbai,MH,7065.0,105417.0,1132.0,46.0,864.0,8492.0,680380.0,1.0,282.0,0.0065322583882062414,7793.857142857143,13.330193122939239,13.763372670463875,0.2158968850698173,168.09253453190365,18213.112064342833,14470.0,14470.0,46.0,168.09253453190365,864.0,0.0,1132.0,46.0,864.0,1.0,663400.0,126135.0,105416.0,7064.0,303.0,13654.0,15217.190476190477,48.61904761904762,987.1428571428571
2020-08-20,128233.0,Mumbai,MH,7111.0,106393.0,1280.0,46.0,976.0,8492.0,688872.0,1.0,283.0,0.006489864764890052,7709.285714285715,15.073009891662743,13.920910956621485,0.1307420494699647,173.20148187944505,18386.313546222278,14728.0,14728.0,46.0,173.20148187944505,976.0,25476.0,1280.0,46.0,976.0,0.0,688876.0,127415.0,106392.0,7110.0,303.0,13913.0,15123.047619047618,48.285714285714285,980.2857142857143
2020-08-21,129639.0,Mumbai,MH,7153.0,107628.0,1406.0,42.0,1235.0,8492.0,697364.0,1.0,284.0,0.005888968224865798,7611.0952380952385,16.556759302873292,14.219782238475913,0.09843749999999996,197.3465998397597,18583.660146062037,14857.0,14857.0,42.0,197.3465998397597,1235.0,8492.0,1406.0,42.0,1235.0,2.0,697368.0,128821.0,107627.0,7152.0,305.0,14040.0,15015.666666666666,47.76190476190476,1009.2380952380952
2020-08-22,130773.0,Mumbai,MH,7185.0,108728.0,1134.0,32.0,1100.0,6108.0,703472.0,0.0,284.0,0.004463670404741403,7469.380952380952,18.56581532416503,14.555022988327643,-0.19345661450924612,168.3895178084618,18752.049663870497,14860.0,14860.0,32.0,168.3895178084618,1100.0,0.0,1134.0,32.0,1100.0,0.0,697368.0,129955.0,108727.0,7184.0,305.0,14044.0,14900.47619047619,47.142857142857146,1022.0
2020-08-23,131764.0,Mumbai,MH,7219.0,109419.0,991.0,34.0,691.0,6108.0,709580.0,0.0,284.0,0.004720919626035823,7504.333333333333,16.224623444662736,14.348482913466471,-0.12610229276895946,149.02088785034675,18901.070551720844,15126.0,15126.0,34.0,149.02088785034675,691.0,12215.0,991.0,34.0,691.0,0.0,709583.0,130946.0,109418.0,7218.0,305.0,14310.0,14766.285714285714,46.42857142857143,1036.1904761904761
2020-08-24,132507.0,Mumbai,MH,7239.0,110442.0,743.0,20.0,1023.0,5960.0,715540.0,0.0,284.0,0.002766636153980513,7417.047619047619,12.466442953020135,14.349405535923045,-0.2502522704339052,95.76547349482746,18996.83602521567,14826.0,14826.0,20.0,95.76547349482746,1023.0,5960.0,743.0,20.0,1023.0,0.0,715543.0,131689.0,110441.0,7238.0,305.0,14010.0,14659.047619047618,45.19047619047619,999.6666666666666
2020-08-25,133094.0,Mumbai,MH,7274.0,111322.0,587.0,35.0,880.0,9538.0,725078.0,0.0,284.0,0.004823271253792954,7526.285714285715,6.15433004822814,14.176401715811588,-0.20995962314939431,87.16459166981222,19084.00061688548,14498.0,14498.0,35.0,87.16459166981222,880.0,0.0,587.0,35.0,880.0,1.0,715543.0,132276.0,111321.0,7273.0,306.0,13681.0,14546.57142857143,44.19047619047619,1000.0952380952381
2020-08-26,134948.0,Mumbai,MH,7302.0,112103.0,1854.0,28.0,781.0,9538.0,734616.0,4.0,288.0,0.0038419366686478066,7557.238095238095,19.438037324386663,14.499283695469279,2.1584327086882453,227.7550074252045,19311.755624310685,15539.0,15539.0,28.0,227.7550074252045,781.0,19076.0,1854.0,28.0,781.0,4.0,734619.0,134130.0,112102.0,7301.0,310.0,14723.0,14466.047619047618,43.523809523809526,1003.3333333333334
2020-08-27,136299.0,Mumbai,MH,7332.0,112937.0,1351.0,30.0,834.0,9266.0,743882.0,3.0,291.0,0.004100046744013553,7653.666666666667,14.580185624865097,14.595134203552536,-0.27130528586839264,186.30768359767737,19498.063307908364,16027.0,16027.0,30.0,186.30768359767737,834.0,9266.0,1351.0,30.0,834.0,3.0,743885.0,135481.0,112936.0,7331.0,313.0,15211.0,14415.095238095239,42.23809523809524,996.0952380952381
2020-08-28,137519.0,Mumbai,MH,7362.0,114178.0,1220.0,30.0,1241.0,9984.0,753866.0,5.0,296.0,0.004083304979370781,7697.190476190476,12.219551282051281,14.724452889582908,-0.09696521095484822,181.36280969036716,19679.42611759873,15974.0,15974.0,30.0,181.36280969036716,1241.0,9984.0,1220.0,30.0,1241.0,5.0,753869.0,136701.0,114177.0,7361.0,318.0,15158.0,14381.714285714286,41.523809523809526,996.1904761904761
2020-08-29,138800.0,Mumbai,MH,7393.0,114860.0,1281.0,31.0,682.0,8803.0,762669.0,4.0,300.0,0.004201971618133568,7756.333333333333,14.551857321367715,14.596141524916236,0.050000000000000044,190.4339219628745,19869.860039561605,16543.0,16543.0,31.0,190.4339219628745,682.0,8803.0,1281.0,31.0,682.0,4.0,762672.0,137982.0,114859.0,7392.0,322.0,15727.0,14385.42857142857,40.23809523809524,959.3333333333334
2020-08-30,140037.0,Mumbai,MH,7423.0,115712.0,1237.0,30.0,852.0,6146.0,768815.0,5.0,305.0,0.0040496815604469695,7781.0,20.126911812561016,14.652613076013584,-0.03434816549570652,167.24070176136578,20037.10074132297,16897.0,16897.0,30.0,167.24070176136578,852.0,6146.0,1237.0,30.0,852.0,5.0,768818.0,139219.0,115711.0,7422.0,327.0,16081.0,14416.190476190477,39.38095238095238,941.2380952380952
2020-08-31,141216.0,Mumbai,MH,7455.0,116628.0,1179.0,32.0,916.0,7156.0,775971.0,1.0,306.0,0.004301660081291942,7704.047619047619,16.475684740078258,14.935030652175648,-0.04688763136620855,178.21115142643905,20215.31189274941,17132.0,17132.0,32.0,178.21115142643905,916.0,7156.0,1179.0,32.0,916.0,1.0,775974.0,140398.0,116627.0,7454.0,328.0,16316.0,14483.285714285714,38.714285714285715,917.8571428571429
2020-09-01,142358.0,Mumbai,MH,7490.0,118219.0,1142.0,35.0,1591.0,8418.0,784389.0,1.0,307.0,0.0046838493124264375,7687.190476190476,13.56616773580423,15.083242621963038,-0.031382527565733676,176.5908568225186,20391.902749571927,16648.0,16648.0,35.0,176.5908568225186,1591.0,8418.0,1142.0,35.0,1591.0,0.0,784392.0,141540.0,118218.0,7489.0,328.0,15833.0,14540.952380952382,38.095238095238095,938.6666666666666
2020-09-02,143980.0,Mumbai,MH,7524.0,119062.0,1622.0,34.0,843.0,8393.0,792782.0,1.0,308.0,0.004529113909655898,7376.714285714285,19.325628499940425,15.64204908937757,0.4203152364273204,232.75368141624614,20624.656430988172,17393.0,17393.0,34.0,232.75368141624614,843.0,8393.0,1622.0,34.0,843.0,2.0,792785.0,143162.0,119061.0,7523.0,330.0,16576.0,14626.380952380952,37.333333333333336,934.9047619047619
2020-09-03,145506.0,Mumbai,MH,7561.0,119921.0,1526.0,37.0,859.0,9862.0,802644.0,1.0,309.0,0.0049055451373488015,7673.0952380952385,15.473534779963497,14.80816233225706,-0.05918618988902591,236.70008455159186,20861.356515539763,18023.0,18023.0,37.0,236.70008455159186,859.0,9862.0,1526.0,37.0,859.0,1.0,802647.0,144688.0,119920.0,7560.0,331.0,17207.0,14729.142857142857,36.80952380952381,933.6666666666666
2020-09-04,147435.0,Mumbai,MH,7596.0,121031.0,1929.0,35.0,1110.0,10388.0,813032.0,1.0,310.0,0.004618336373906653,7994.523809523809,18.569503273007314,14.410977234573883,0.26408912188728695,281.5265329391686,21142.883048478932,18807.0,18807.0,35.0,281.5265329391686,1110.0,10388.0,1929.0,35.0,1110.0,1.0,813035.0,146617.0,121030.0,7595.0,332.0,17991.0,14868.142857142857,36.23809523809524,943.3809523809524
2020-09-05,149123.0,Mumbai,MH,7629.0,121926.0,1688.0,33.0,895.0,11851.0,824883.0,4.0,314.0,0.004334982158052755,8252.095238095239,14.243523753269766,14.715945966693187,-0.12493519958527732,254.3191491272528,21397.202197606184,19564.0,19564.0,33.0,254.3191491272528,895.0,11851.0,1688.0,33.0,895.0,4.0,824886.0,148305.0,121925.0,7628.0,336.0,18748.0,15126.666666666666,35.523809523809526,943.6666666666666
2020-09-06,151033.0,Mumbai,MH,7666.0,122838.0,1910.0,37.0,912.0,9458.0,834341.0,4.0,318.0,0.004838191850271148,8459.761904761905,20.194544301120747,15.205791462202333,0.13151658767772512,242.47089333538923,21639.673090941575,20525.0,20525.0,37.0,242.47089333538923,912.0,9458.0,1910.0,37.0,912.0,0.0,834344.0,150215.0,122837.0,7665.0,336.0,19713.0,15419.52380952381,35.04761904761905,952.8571428571429
2020-09-07,152821.0,Mumbai,MH,7697.0,124377.0,1788.0,31.0,1539.0,9347.0,843688.0,4.0,322.0,0.0040356755938169165,8585.333333333334,19.12913234192789,15.582318876965914,-0.06387434554973825,285.7797734912335,21925.45286443281,20743.0,20743.0,31.0,285.7797734912335,1539.0,9347.0,1788.0,31.0,1539.0,7.0,843691.0,152003.0,124376.0,7696.0,343.0,19924.0,15728.190476190477,34.61904761904762,986.4761904761905
2020-09-08,154167.0,Mumbai,MH,7739.0,125266.0,1346.0,42.0,889.0,12763.0,856451.0,5.0,327.0,0.005441837736141647,8788.714285714286,10.546109848781635,15.562454606032226,-0.24720357941834448,184.38894350233124,22109.84180793514,21157.0,21157.0,42.0,184.38894350233124,889.0,12763.0,1346.0,42.0,889.0,5.0,856454.0,153349.0,125265.0,7738.0,348.0,20341.0,16057.190476190477,34.285714285714285,986.3333333333334
2020-09-09,156155.0,Mumbai,MH,7782.0,126103.0,1988.0,43.0,837.0,15701.0,872152.0,3.0,330.0,0.0055408942740397035,9132.0,12.661613909942043,15.530617500651406,0.47696879643387824,314.85708981233086,22424.698897747472,22267.0,22267.0,43.0,314.85708981233086,837.0,15701.0,1988.0,43.0,837.0,3.0,872155.0,155337.0,126102.0,7781.0,351.0,21451.0,16428.47619047619,34.142857142857146,985.047619047619
2020-09-10,158526.0,Mumbai,MH,7820.0,127472.0,2371.0,38.0,1369.0,15119.0,887271.0,1.0,331.0,0.00487117999485779,9447.57142857143,15.682254117335804,15.55962913044536,0.1926559356136821,352.19652871174367,22776.895426459218,23233.0,23233.0,38.0,352.19652871174367,1369.0,15119.0,2371.0,38.0,1369.0,0.0,887274.0,157708.0,127471.0,7819.0,351.0,22418.0,16833.47619047619,33.76190476190476,1003.7619047619048
2020-09-11,160717.0,Mumbai,MH,7864.0,128604.0,2191.0,44.0,1132.0,15827.0,903098.0,1.0,332.0,0.005610828287645657,9796.857142857143,13.84343210968598,15.430423073626917,-0.07591733445803461,325.34517946943544,23102.24060592865,24248.0,24248.0,44.0,325.34517946943544,1132.0,15827.0,2191.0,44.0,1132.0,2.0,903101.0,159899.0,128603.0,7863.0,353.0,23431.0,17280.666666666668,33.857142857142854,998.8571428571429
2020-09-12,163067.0,Mumbai,MH,7906.0,129376.0,2350.0,42.0,772.0,12688.0,915786.0,2.0,334.0,0.0053265820296283005,10110.190476190477,18.521437578814627,15.42830984765785,0.07256960292104053,348.95534995580704,23451.195955884457,25783.0,25783.0,42.0,348.95534995580704,772.0,12688.0,2350.0,42.0,772.0,2.0,915789.0,162249.0,129375.0,7905.0,355.0,24967.0,17800.809523809523,34.333333333333336,983.2380952380952
2020-09-13,165152.0,Mumbai,MH,7947.0,130278.0,2085.0,41.0,902.0,9359.0,925145.0,2.0,336.0,0.0051725340835485035,10265.0,22.278021156106423,15.716566881536123,-0.1127659574468085,309.60506581185433,23760.801021696312,26925.0,26925.0,41.0,309.60506581185433,902.0,9359.0,2085.0,41.0,902.0,2.0,925148.0,164334.0,130277.0,7946.0,357.0,26109.0,18362.666666666668,34.666666666666664,993.2857142857143
2020-09-14,167421.0,Mumbai,MH,7978.0,131707.0,2269.0,31.0,1429.0,13154.0,938299.0,2.0,338.0,0.003893254525172522,10607.57142857143,17.249505853732707,15.944331781570057,0.08824940047961638,336.9275272552026,24097.728548951516,27734.0,27734.0,31.0,336.9275272552026,1429.0,0.0,2269.0,31.0,1429.0,2.0,925148.0,166603.0,131706.0,7977.0,359.0,26918.0,18977.333333333332,35.19047619047619,1012.6190476190476
2020-09-15,169007.0,Mumbai,MH,8027.0,133426.0,1586.0,49.0,1719.0,13154.0,951453.0,3.0,341.0,0.006123105666224861,10779.761904761905,12.057168922000912,16.22541934698781,-0.3010136624063464,235.5077383106,24333.236287262116,27551.0,27551.0,49.0,235.5077383106,1719.0,0.0,1586.0,49.0,1719.0,3.0,925148.0,168189.0,133425.0,8026.0,362.0,26735.0,19598.95238095238,35.857142857142854,1052.5714285714287
2020-09-16,171385.0,Mumbai,MH,8077.0,134923.0,2378.0,50.0,1497.0,13154.0,964607.0,3.0,344.0,0.006209657310719502,10951.952380952382,18.07815113273529,16.160662861671078,0.49936948297604045,353.11311582762096,24686.34940308974,28382.0,28382.0,50.0,353.11311582762096,1497.0,39461.0,2378.0,50.0,1497.0,3.0,964609.0,170567.0,134922.0,8076.0,365.0,27566.0,20210.52380952381,36.904761904761905,1086.6666666666667
2020-09-17,173796.0,Mumbai,MH,8120.0,136096.0,2411.0,43.0,1173.0,13113.0,977720.0,2.0,346.0,0.00530963771342738,11135.142857142857,18.386334172195532,16.341908030591572,0.013877207737594599,358.01333989083014,25044.362742980567,29578.0,29578.0,43.0,358.01333989083014,1173.0,13113.0,2411.0,43.0,1173.0,2.0,977722.0,172978.0,136095.0,8119.0,367.0,28762.0,20855.809523809523,37.523809523809526,1102.8095238095239
2020-09-18,176079.0,Mumbai,MH,8172.0,137024.0,2283.0,52.0,928.0,6475.0,984195.0,3.0,349.0,0.006383522781789133,10968.047619047618,35.25868725868726,17.439009743764714,-0.05309000414765652,339.0064101911096,25383.369153171676,30880.0,30880.0,52.0,339.0064101911096,928.0,0.0,2283.0,52.0,928.0,3.0,977722.0,175261.0,137023.0,8171.0,370.0,30064.0,21565.619047619046,38.57142857142857,1087.904761904762
2020-09-19,177614.0,Mumbai,MH,8222.0,142129.0,1535.0,50.0,5105.0,6475.0,990670.0,2.0,351.0,0.006099811520311054,10857.190476190477,23.706563706563706,17.87494814305976,-0.3276390713972843,227.9346647583676,25611.303817930042,27261.0,27261.0,50.0,227.9346647583676,5105.0,0.0,1535.0,50.0,5105.0,0.0,977722.0,176796.0,142128.0,8221.0,370.0,26447.0,22076.095238095237,39.476190476190474,1298.5238095238096
